{"cameraMode":{"drawMode":0,"name":"Shaded","section":"Shading Mode"},"sceneLighting":false,"audioPlay":false,"sceneViewState":{"showFog":true,"showMaterialUpdate":false,"showSkybox":false,"showFlares":true,"showImageEffects":true,"showParticleSystems":true},"in2DMode":false,"pivot":{"x":-5.153114318847656,"y":4.784096717834473,"z":22.395057678222658},"rotation":{"x":-0.13008752465248109,"y":0.7680026292800903,"z":-0.16514745354652406,"w":-0.6049596071243286},"size":10.202990531921387,"orthographic":false}