{"cameraMode":{"drawMode":0,"name":"Shaded","section":"Shading Mode"},"sceneLighting":false,"audioPlay":false,"sceneViewState":{"showFog":false,"showMaterialUpdate":false,"showSkybox":false,"showFlares":false,"showImageEffects":false,"showParticleSystems":false},"in2DMode":false,"pivot":{"x":0.31975170969963076,"y":0.11161493510007858,"z":0.4155871868133545},"rotation":{"x":0.1250869333744049,"y":0.45673295855522158,"z":-0.0648018941283226,"w":0.8786632418632507},"size":1.071819543838501,"orthographic":false}