{"cameraMode":{"drawMode":0,"name":"Shaded","section":"Shading Mode"},"sceneLighting":true,"audioPlay":false,"sceneViewState":{"showFog":false,"showMaterialUpdate":false,"showSkybox":false,"showFlares":false,"showImageEffects":false,"showParticleSystems":false},"in2DMode":false,"pivot":{"x":5.544778347015381,"y":6.6382269859313969,"z":-2.493859052658081},"rotation":{"x":0.01703386753797531,"y":-0.3333190977573395,"z":0.01038594450801611,"w":0.9432429671287537},"size":0.8660253882408142,"orthographic":false}