{"cameraMode":{"drawMode":0,"name":"Shaded","section":"Shading Mode"},"sceneLighting":false,"audioPlay":false,"sceneViewState":{"showFog":false,"showMaterialUpdate":false,"showSkybox":false,"showFlares":false,"showImageEffects":false,"showParticleSystems":false},"in2DMode":false,"pivot":{"x":-0.24864733219146729,"y":0.08780357241630554,"z":0.8194356560707092},"rotation":{"x":-0.005426804535090923,"y":0.2722436487674713,"z":0.0017248379299417139,"w":0.9624844193458557},"size":0.6363961100578308,"orthographic":false}