{"cameraMode":{"drawMode":0,"name":"Shaded","section":"Shading Mode"},"sceneLighting":false,"audioPlay":false,"sceneViewState":{"showFog":false,"showMaterialUpdate":false,"showSkybox":false,"showFlares":false,"showImageEffects":false,"showParticleSystems":false},"in2DMode":false,"pivot":{"x":-3.0765504837036135,"y":1.1202441453933716,"z":2.70990252494812},"rotation":{"x":0.060757115483284,"y":-0.7876659035682678,"z":-0.08367849141359329,"w":-0.608228862285614},"size":0.5660253763198853,"orthographic":false}