{"cameraMode":{"drawMode":0,"name":"Shaded","section":"Shading Mode"},"sceneLighting":true,"audioPlay":false,"sceneViewState":{"showFog":false,"showMaterialUpdate":false,"showSkybox":false,"showFlares":false,"showImageEffects":false,"showParticleSystems":false},"in2DMode":false,"pivot":{"x":4.205962181091309,"y":3.030244827270508,"z":-34.840728759765628},"rotation":{"x":0.06322561204433441,"y":-0.8282016515731812,"z":0.09461117535829544,"w":0.5493661761283875},"size":5.967966556549072,"orthographic":false}