{"cameraMode":{"drawMode":0,"name":"Shaded","section":"Shading Mode"},"sceneLighting":true,"audioPlay":false,"sceneViewState":{"showFog":false,"showMaterialUpdate":false,"showSkybox":false,"showFlares":false,"showImageEffects":false,"showParticleSystems":false},"in2DMode":false,"pivot":{"x":-1.4435797929763795,"y":2.2106435298919679,"z":55.028106689453128},"rotation":{"x":0.13478635251522065,"y":-0.759913444519043,"z":0.1743401437997818,"w":0.6125393509864807},"size":1.9800076484680176,"orthographic":false}