{"cameraMode":{"drawMode":0,"name":"Shaded","section":"Shading Mode"},"sceneLighting":false,"audioPlay":false,"sceneViewState":{"showFog":false,"showMaterialUpdate":false,"showSkybox":false,"showFlares":false,"showImageEffects":false,"showParticleSystems":false},"in2DMode":false,"pivot":{"x":5.0125203132629398,"y":9.034765243530274,"z":21.41284942626953},"rotation":{"x":0.06280738860368729,"y":0.6888511776924133,"z":0.059629473835229877,"w":-0.7200877070426941},"size":2.6302490234375,"orthographic":false}