{"cameraMode":{"drawMode":0,"name":"Shaded","section":"Shading Mode"},"sceneLighting":false,"audioPlay":false,"sceneViewState":{"showFog":false,"showMaterialUpdate":false,"showSkybox":false,"showFlares":false,"showImageEffects":false,"showParticleSystems":false},"in2DMode":false,"pivot":{"x":-6.257889270782471,"y":3.87499737739563,"z":13.611132621765137},"rotation":{"x":-0.04684275761246681,"y":-0.5124807953834534,"z":0.027463924139738084,"w":-0.8572918772697449},"size":2.6302490234375,"orthographic":false}