{"cameraMode":{"drawMode":0,"name":"Shaded","section":"Shading Mode"},"sceneLighting":false,"audioPlay":false,"sceneViewState":{"showFog":false,"showMaterialUpdate":false,"showSkybox":false,"showFlares":false,"showImageEffects":false,"showParticleSystems":false},"in2DMode":false,"pivot":{"x":8.372960090637207,"y":-1.3176112174987794,"z":16.77317237854004},"rotation":{"x":-0.0753239169716835,"y":-0.6955084800720215,"z":0.07335752993822098,"w":-0.7111417055130005},"size":6.537947654724121,"orthographic":false}