{"cameraMode":{"drawMode":0,"name":"Shaded","section":"Shading Mode"},"sceneLighting":true,"audioPlay":false,"sceneViewState":{"showFog":false,"showMaterialUpdate":false,"showSkybox":false,"showFlares":false,"showImageEffects":false,"showParticleSystems":false},"in2DMode":false,"pivot":{"x":-15.726637840270996,"y":0.3925836682319641,"z":39.300140380859378},"rotation":{"x":0.0296870619058609,"y":-0.4490727186203003,"z":0.014426741749048233,"w":0.8931766152381897},"size":12.145905494689942,"orthographic":false}