{"cameraMode":{"drawMode":0,"name":"Shaded","section":"Shading Mode"},"sceneLighting":true,"audioPlay":false,"sceneViewState":{"showFog":false,"showMaterialUpdate":false,"showSkybox":false,"showFlares":false,"showImageEffects":false,"showParticleSystems":false},"in2DMode":false,"pivot":{"x":5.8444952964782719,"y":4.5452704429626469,"z":-0.564953088760376},"rotation":{"x":0.2464258372783661,"y":-0.6670846939086914,"z":0.250218003988266,"w":0.657151997089386},"size":1.692746639251709,"orthographic":false}