{"cameraMode":{"drawMode":0,"name":"Shaded","section":"Shading Mode"},"sceneLighting":false,"audioPlay":false,"sceneViewState":{"showFog":false,"showMaterialUpdate":false,"showSkybox":false,"showFlares":false,"showImageEffects":false,"showParticleSystems":false},"in2DMode":false,"pivot":{"x":-1.4646698236465455,"y":0.0542154461145401,"z":-0.04173276573419571},"rotation":{"x":0.31579479575157168,"y":0.6573799252510071,"z":-0.35487160086631777,"w":0.5849884152412415},"size":1.3284962177276612,"orthographic":false}