{"cameraMode":{"drawMode":0,"name":"Shaded","section":"Shading Mode"},"sceneLighting":true,"audioPlay":false,"sceneViewState":{"showFog":false,"showMaterialUpdate":false,"showSkybox":false,"showFlares":false,"showImageEffects":false,"showParticleSystems":false},"in2DMode":false,"pivot":{"x":182.66000366210938,"y":356.1400146484375,"z":-1.890550862526652e-7},"rotation":{"x":-0.004319388885051012,"y":0.0819912999868393,"z":-0.0024174184072762729,"w":-0.9971026182174683},"size":196.70399475097657,"orthographic":false}