{"cameraMode":{"drawMode":0,"name":"Shaded","section":"Shading Mode"},"sceneLighting":false,"audioPlay":false,"sceneViewState":{"showFog":false,"showMaterialUpdate":false,"showSkybox":false,"showFlares":false,"showImageEffects":false,"showParticleSystems":false},"in2DMode":false,"pivot":{"x":-2.6494052410125734,"y":0.8284157514572144,"z":2.8105647563934328},"rotation":{"x":-0.03433762863278389,"y":-0.741295576095581,"z":0.0336780920624733,"w":-0.6702391505241394},"size":0.8660253882408142,"orthographic":false}