{"cameraMode":{"drawMode":0,"name":"Shaded","section":"Shading Mode"},"sceneLighting":true,"audioPlay":false,"sceneViewState":{"showFog":false,"showMaterialUpdate":false,"showSkybox":false,"showFlares":false,"showImageEffects":false,"showParticleSystems":false},"in2DMode":false,"pivot":{"x":3.352022647857666,"y":5.8280229568481449,"z":56.134830474853519},"rotation":{"x":0.14473949372768403,"y":-0.7191323041915894,"z":0.1642242819070816,"w":0.6604286432266235},"size":1.0800080299377442,"orthographic":false}