{"cameraMode":{"drawMode":0,"name":"Shaded","section":"Shading Mode"},"sceneLighting":false,"audioPlay":false,"sceneViewState":{"showFog":false,"showMaterialUpdate":false,"showSkybox":false,"showFlares":false,"showImageEffects":false,"showParticleSystems":false},"in2DMode":false,"pivot":{"x":0.47449907660484316,"y":0.7384195923805237,"z":-0.6155081391334534},"rotation":{"x":-0.0029005701653659345,"y":-0.13102325797080995,"z":-0.0009399732225574553,"w":0.9916066527366638},"size":0.08873558044433594,"orthographic":false}