{"cameraMode":{"drawMode":0,"name":"Shaded","section":"Shading Mode"},"sceneLighting":false,"audioPlay":false,"sceneViewState":{"showFog":false,"showMaterialUpdate":false,"showSkybox":false,"showFlares":false,"showImageEffects":false,"showParticleSystems":false},"in2DMode":false,"pivot":{"x":1.1259665489196778,"y":0.011123612523078919,"z":-0.20449352264404298},"rotation":{"x":-0.025843162089586259,"y":-0.7774211168289185,"z":0.031584907323122028,"w":-0.6280603408813477},"size":0.771819531917572,"orthographic":false}