{"cameraMode":{"drawMode":0,"name":"Shaded","section":"Shading Mode"},"sceneLighting":false,"audioPlay":false,"sceneViewState":{"showFog":false,"showMaterialUpdate":false,"showSkybox":false,"showFlares":false,"showImageEffects":false,"showParticleSystems":false},"in2DMode":false,"pivot":{"x":-2.4909021854400636,"y":1.0381044149398804,"z":0.38266924023628237},"rotation":{"x":0.030516184866428376,"y":0.48743462562561037,"z":-0.016756262630224229,"w":0.8727561831474304},"size":0.05383479595184326,"orthographic":false}