{"cameraMode":{"drawMode":0,"name":"Shaded","section":"Shading Mode"},"sceneLighting":true,"audioPlay":false,"sceneViewState":{"showFog":false,"showMaterialUpdate":false,"showSkybox":false,"showFlares":false,"showImageEffects":false,"showParticleSystems":false},"in2DMode":false,"pivot":{"x":16.710697174072267,"y":6.800020694732666,"z":1.435659646987915},"rotation":{"x":0.012294987216591835,"y":-0.6976467370986939,"z":0.017509596422314645,"w":0.7169758677482605},"size":0.7332324981689453,"orthographic":false}