{"cameraMode":{"drawMode":0,"name":"Shaded","section":"Shading Mode"},"sceneLighting":false,"audioPlay":false,"sceneViewState":{"showFog":false,"showMaterialUpdate":false,"showSkybox":false,"showFlares":false,"showImageEffects":false,"showParticleSystems":false},"in2DMode":false,"pivot":{"x":13.675195693969727,"y":2.460322618484497,"z":-4.62799072265625},"rotation":{"x":-0.004431832116097212,"y":-0.12681512534618379,"z":-0.0008248926606029272,"w":0.9922694563865662},"size":10.0,"orthographic":false}