{"cameraMode":{"drawMode":0,"name":"Shaded","section":"Shading Mode"},"sceneLighting":false,"audioPlay":false,"sceneViewState":{"showFog":false,"showMaterialUpdate":false,"showSkybox":false,"showFlares":false,"showImageEffects":false,"showParticleSystems":false},"in2DMode":false,"pivot":{"x":-0.33635514974594118,"y":1.4744811058044434,"z":-2.5831949710845949},"rotation":{"x":-0.15529267489910127,"y":0.031103331595659257,"z":-0.00489566195756197,"w":-0.9873695373535156},"size":0.1284962296485901,"orthographic":false}