{"cameraMode":{"drawMode":0,"name":"Shaded","section":"Shading Mode"},"sceneLighting":true,"audioPlay":false,"sceneViewState":{"showFog":false,"showMaterialUpdate":false,"showSkybox":false,"showFlares":false,"showImageEffects":false,"showParticleSystems":false},"in2DMode":false,"pivot":{"x":4.4792985916137699,"y":3.213923454284668,"z":45.819393157958987},"rotation":{"x":0.08578759431838989,"y":-0.6868680715560913,"z":0.08792737126350403,"w":0.7171790599822998},"size":3.1800074577331545,"orthographic":false}