{"cameraMode":{"drawMode":0,"name":"Shaded","section":"Shading Mode"},"sceneLighting":true,"audioPlay":false,"sceneViewState":{"showFog":false,"showMaterialUpdate":false,"showSkybox":false,"showFlares":false,"showImageEffects":false,"showParticleSystems":false},"in2DMode":false,"pivot":{"x":-31.896617889404298,"y":-2.787811756134033,"z":-14.341792106628418},"rotation":{"x":0.07282698154449463,"y":-0.7081419825553894,"z":0.07755108177661896,"w":0.6987251043319702},"size":23.05457878112793,"orthographic":false}