{"cameraMode":{"drawMode":0,"name":"Shaded","section":"Shading Mode"},"sceneLighting":true,"audioPlay":false,"sceneViewState":{"showFog":false,"showMaterialUpdate":false,"showSkybox":false,"showFlares":false,"showImageEffects":false,"showParticleSystems":false},"in2DMode":false,"pivot":{"x":-200.23435974121095,"y":44.68049240112305,"z":125.53665924072266},"rotation":{"x":-0.0763493999838829,"y":-0.45730555057525637,"z":-0.03509047254920006,"w":0.886002779006958},"size":128.711669921875,"orthographic":false}