{"cameraMode":{"drawMode":0,"name":"Shaded","section":"Shading Mode"},"sceneLighting":true,"audioPlay":false,"sceneViewState":{"showFog":false,"showMaterialUpdate":false,"showSkybox":false,"showFlares":false,"showImageEffects":false,"showParticleSystems":false},"in2DMode":false,"pivot":{"x":4.282101154327393,"y":3.698800802230835,"z":16.4872989654541},"rotation":{"x":0.026330213993787767,"y":-0.8944410681724548,"z":0.06228644773364067,"w":0.44342634081840517},"size":3.1800074577331545,"orthographic":false}