{"cameraMode":{"drawMode":0,"name":"Shaded","section":"Shading Mode"},"sceneLighting":false,"audioPlay":false,"sceneViewState":{"showFog":false,"showMaterialUpdate":false,"showSkybox":false,"showFlares":false,"showImageEffects":false,"showParticleSystems":false},"in2DMode":false,"pivot":{"x":0.02039813995361328,"y":0.844586193561554,"z":0.08266329765319824},"rotation":{"x":0.05161481723189354,"y":0.5181815028190613,"z":-0.031156810000538827,"w":0.8534509539604187},"size":1.5363960266113282,"orthographic":false}