{"cameraMode":{"drawMode":0,"name":"Shaded","section":"Shading Mode"},"sceneLighting":false,"audioPlay":false,"sceneViewState":{"showFog":false,"showMaterialUpdate":false,"showSkybox":false,"showFlares":false,"showImageEffects":false,"showParticleSystems":false},"in2DMode":false,"pivot":{"x":-5.842029094696045,"y":2.9393789768218996,"z":13.013208389282227},"rotation":{"x":-0.2425495982170105,"y":-0.7030127048492432,"z":0.28052207827568056,"w":-0.6072641015052795},"size":2.0302491188049318,"orthographic":false}