{"cameraMode":{"drawMode":0,"name":"Shaded","section":"Shading Mode"},"sceneLighting":false,"audioPlay":false,"sceneViewState":{"showFog":false,"showMaterialUpdate":false,"showSkybox":false,"showFlares":false,"showImageEffects":false,"showParticleSystems":false},"in2DMode":false,"pivot":{"x":3.922734022140503,"y":3.0705106258392336,"z":-0.47231751680374148},"rotation":{"x":0.15467949211597444,"y":-0.444923460483551,"z":0.07853708416223526,"w":0.8789064884185791},"size":0.2461652159690857,"orthographic":false}