{"cameraMode":{"drawMode":0,"name":"Shaded","section":"Shading Mode"},"sceneLighting":false,"audioPlay":false,"sceneViewState":{"showFog":false,"showMaterialUpdate":false,"showSkybox":false,"showFlares":false,"showImageEffects":false,"showParticleSystems":false},"in2DMode":false,"pivot":{"x":0.9900000095367432,"y":1.9800000190734864,"z":-33.29999923706055},"rotation":{"x":0.004092636052519083,"y":-0.8560871481895447,"z":0.006293906830251217,"w":0.5174552202224731},"size":10.0,"orthographic":false}