{"cameraMode":{"drawMode":0,"name":"Shaded","section":"Shading Mode"},"sceneLighting":true,"audioPlay":false,"sceneViewState":{"showFog":false,"showMaterialUpdate":false,"showSkybox":false,"showFlares":false,"showImageEffects":false,"showParticleSystems":false},"in2DMode":false,"pivot":{"x":-0.00583958625793457,"y":0.261785626411438,"z":-0.7360950708389282},"rotation":{"x":0.18279442191123963,"y":0.459381639957428,"z":-0.09715894609689713,"w":0.8638774156570435},"size":1.4110100269317628,"orthographic":false}