{"cameraMode":{"drawMode":0,"name":"Shaded","section":"Shading Mode"},"sceneLighting":false,"audioPlay":false,"sceneViewState":{"showFog":false,"showMaterialUpdate":false,"showSkybox":false,"showFlares":false,"showImageEffects":false,"showParticleSystems":false},"in2DMode":false,"pivot":{"x":-0.1598731428384781,"y":-0.07859914749860764,"z":6.519500732421875},"rotation":{"x":0.2972429394721985,"y":-0.3933780789375305,"z":0.13607539236545564,"w":0.8593956232070923},"size":6.876363754272461,"orthographic":false}