{"cameraMode":{"drawMode":0,"name":"Shaded","section":"Shading Mode"},"sceneLighting":false,"audioPlay":false,"sceneViewState":{"showFog":false,"showMaterialUpdate":false,"showSkybox":false,"showFlares":false,"showImageEffects":false,"showParticleSystems":false},"in2DMode":false,"pivot":{"x":-1.6740469932556153,"y":0.860283374786377,"z":4.662603378295898},"rotation":{"x":0.05458594858646393,"y":-0.20590069890022279,"z":0.011554046534001828,"w":0.9772348999977112},"size":2.0351402759552,"orthographic":false}