{"cameraMode":{"drawMode":0,"name":"Shaded","section":"Shading Mode"},"sceneLighting":false,"audioPlay":false,"sceneViewState":{"showFog":false,"showMaterialUpdate":false,"showSkybox":false,"showFlares":false,"showImageEffects":false,"showParticleSystems":false},"in2DMode":false,"pivot":{"x":-2.1946723461151125,"y":1.624924898147583,"z":-1.6224467754364014},"rotation":{"x":0.25202226638793948,"y":0.23012444376945496,"z":-0.0618344247341156,"w":0.9379268288612366},"size":0.1284962296485901,"orthographic":false}