{"cameraMode":{"drawMode":0,"name":"Shaded","section":"Shading Mode"},"sceneLighting":false,"audioPlay":false,"sceneViewState":{"showFog":false,"showMaterialUpdate":false,"showSkybox":false,"showFlares":false,"showImageEffects":false,"showParticleSystems":false},"in2DMode":false,"pivot":{"x":-0.2212912142276764,"y":0.5909130573272705,"z":1.511885404586792},"rotation":{"x":0.007508515380322933,"y":-0.009876735508441925,"z":-0.0004523458192124963,"w":1.000152826309204},"size":0.08873558044433594,"orthographic":false}