{"cameraMode":{"drawMode":0,"name":"Shaded","section":"Shading Mode"},"sceneLighting":false,"audioPlay":false,"sceneViewState":{"showFog":false,"showMaterialUpdate":false,"showSkybox":false,"showFlares":false,"showImageEffects":false,"showParticleSystems":false},"in2DMode":false,"pivot":{"x":0.4686751365661621,"y":0.5178090333938599,"z":0.18268132209777833},"rotation":{"x":-0.14942672848701478,"y":0.33492857217788699,"z":-0.05698699876666069,"w":-0.9291386604309082},"size":0.8660253882408142,"orthographic":false}