{"cameraMode":{"drawMode":0,"name":"Shaded","section":"Shading Mode"},"sceneLighting":false,"audioPlay":false,"sceneViewState":{"showFog":false,"showMaterialUpdate":false,"showSkybox":false,"showFlares":false,"showImageEffects":false,"showParticleSystems":false},"in2DMode":false,"pivot":{"x":0.5556600689888,"y":1.6964036226272584,"z":-0.3990977704524994},"rotation":{"x":0.1481848508119583,"y":-0.03771332651376724,"z":0.005846139043569565,"w":0.9884791374206543},"size":0.6538348197937012,"orthographic":false}