{"cameraMode":{"drawMode":0,"name":"Shaded","section":"Shading Mode"},"sceneLighting":false,"audioPlay":false,"sceneViewState":{"showFog":false,"showMaterialUpdate":false,"showSkybox":false,"showFlares":false,"showImageEffects":false,"showParticleSystems":false},"in2DMode":false,"pivot":{"x":-2.822100877761841,"y":1.5536829233169556,"z":11.687618255615235},"rotation":{"x":-0.10286097228527069,"y":-0.7438567280769348,"z":0.11690831929445267,"w":-0.650360643863678},"size":2.6302490234375,"orthographic":false}