{"cameraMode":{"drawMode":0,"name":"Shaded","section":"Shading Mode"},"sceneLighting":false,"audioPlay":false,"sceneViewState":{"showFog":false,"showMaterialUpdate":false,"showSkybox":false,"showFlares":false,"showImageEffects":false,"showParticleSystems":false},"in2DMode":false,"pivot":{"x":0.0,"y":0.20000000298023225,"z":5.980000019073486},"rotation":{"x":-0.0014002600219100714,"y":-0.2417706549167633,"z":-0.0005833758623339236,"w":0.9706885814666748},"size":0.3464100658893585,"orthographic":false}