{"cameraMode":{"drawMode":0,"name":"Shaded","section":"Shading Mode"},"sceneLighting":true,"audioPlay":false,"sceneViewState":{"showFog":false,"showMaterialUpdate":false,"showSkybox":false,"showFlares":false,"showImageEffects":false,"showParticleSystems":false},"in2DMode":false,"pivot":{"x":-2.0233778953552248,"y":-0.12648481130599976,"z":25.894351959228517},"rotation":{"x":-0.08105097711086273,"y":0.8482791781425476,"z":-0.13601985573768617,"w":-0.5054095387458801},"size":3.811009645462036,"orthographic":false}