{"cameraMode":{"drawMode":0,"name":"Shaded","section":"Shading Mode"},"sceneLighting":true,"audioPlay":false,"sceneViewState":{"showFog":false,"showMaterialUpdate":false,"showSkybox":false,"showFlares":false,"showImageEffects":false,"showParticleSystems":false},"in2DMode":false,"pivot":{"x":0.0,"y":3.559999942779541,"z":3.1500000953674318},"rotation":{"x":0.03454087674617767,"y":-0.3032838702201843,"z":0.01520343404263258,"w":0.9527947306632996},"size":3.1800074577331545,"orthographic":false}