{"cameraMode":{"drawMode":0,"name":"Shaded","section":"Shading Mode"},"sceneLighting":false,"audioPlay":false,"sceneViewState":{"showFog":false,"showMaterialUpdate":false,"showSkybox":false,"showFlares":false,"showImageEffects":false,"showParticleSystems":false},"in2DMode":false,"pivot":{"x":-58.933013916015628,"y":-24.2657470703125,"z":12.163888931274414},"rotation":{"x":0.14027121663093568,"y":-0.4883018434047699,"z":0.08277713507413864,"w":0.8579182624816895},"size":40.07804870605469,"orthographic":false}