{"cameraMode":{"drawMode":0,"name":"Shaded","section":"Shading Mode"},"sceneLighting":false,"audioPlay":false,"sceneViewState":{"showFog":false,"showMaterialUpdate":false,"showSkybox":false,"showFlares":false,"showImageEffects":false,"showParticleSystems":false},"in2DMode":false,"pivot":{"x":-0.7691369652748108,"y":0.752153754234314,"z":1.0771304368972779},"rotation":{"x":0.1526469886302948,"y":0.03790964558720589,"z":-0.005631196778267622,"w":0.9877991676330566},"size":0.2461652159690857,"orthographic":false}