{"cameraMode":{"drawMode":0,"name":"Shaded","section":"Shading Mode"},"sceneLighting":true,"audioPlay":false,"sceneViewState":{"showFog":false,"showMaterialUpdate":false,"showSkybox":false,"showFlares":false,"showImageEffects":false,"showParticleSystems":false},"in2DMode":false,"pivot":{"x":2.562541961669922,"y":2.573826789855957,"z":-28.882869720458986},"rotation":{"x":0.08692313730716706,"y":-0.6604825258255005,"z":0.07798607647418976,"w":0.7422076463699341},"size":0.2535894513130188,"orthographic":false}