{"cameraMode":{"drawMode":0,"name":"Shaded","section":"Shading Mode"},"sceneLighting":false,"audioPlay":false,"sceneViewState":{"showFog":false,"showMaterialUpdate":false,"showSkybox":false,"showFlares":false,"showImageEffects":false,"showParticleSystems":false},"in2DMode":false,"pivot":{"x":0.46000003814697268,"y":1.3300000429153443,"z":-2.799999952316284},"rotation":{"x":-0.20633943378925324,"y":0.47249162197113039,"z":-0.11830316483974457,"w":-0.84925377368927},"size":0.8660253882408142,"orthographic":false}