{"cameraMode":{"drawMode":0,"name":"Shaded","section":"Shading Mode"},"sceneLighting":true,"audioPlay":false,"sceneViewState":{"showFog":false,"showMaterialUpdate":false,"showSkybox":false,"showFlares":false,"showImageEffects":false,"showParticleSystems":false},"in2DMode":false,"pivot":{"x":3.622190237045288,"y":3.6798760890960695,"z":23.03832244873047},"rotation":{"x":0.05622978135943413,"y":-0.5315448045730591,"z":0.040193457156419757,"w":0.8449305295944214},"size":3.1800074577331545,"orthographic":false}