{"cameraMode":{"drawMode":0,"name":"Shaded","section":"Shading Mode"},"sceneLighting":false,"audioPlay":false,"sceneViewState":{"showFog":false,"showMaterialUpdate":false,"showSkybox":false,"showFlares":false,"showImageEffects":false,"showParticleSystems":false},"in2DMode":false,"pivot":{"x":39.80759048461914,"y":115.32103729248047,"z":-99.4443588256836},"rotation":{"x":0.16754944622516633,"y":-0.6036342978477478,"z":0.13140983879566194,"w":0.7687597870826721},"size":143.9461669921875,"orthographic":false}