{"cameraMode":{"drawMode":0,"name":"Shaded","section":"Shading Mode"},"sceneLighting":false,"audioPlay":false,"sceneViewState":{"showFog":false,"showMaterialUpdate":false,"showSkybox":false,"showFlares":false,"showImageEffects":false,"showParticleSystems":false},"in2DMode":false,"pivot":{"x":48.29795837402344,"y":-34.01980972290039,"z":-10.213035583496094},"rotation":{"x":-0.11387951672077179,"y":-0.8685004711151123,"z":0.2335803061723709,"w":-0.4227188229560852},"size":40.03826141357422,"orthographic":false}