{"cameraMode":{"drawMode":0,"name":"Shaded","section":"Shading Mode"},"sceneLighting":false,"audioPlay":false,"sceneViewState":{"showFog":false,"showMaterialUpdate":false,"showSkybox":false,"showFlares":false,"showImageEffects":false,"showParticleSystems":false},"in2DMode":false,"pivot":{"x":5.254363059997559,"y":7.918291091918945,"z":19.372194290161134},"rotation":{"x":-0.01103109773248434,"y":0.8199387788772583,"z":-0.01646442711353302,"w":-0.572583019733429},"size":3.2302489280700685,"orthographic":false}