{"cameraMode":{"drawMode":0,"name":"Shaded","section":"Shading Mode"},"sceneLighting":true,"audioPlay":false,"sceneViewState":{"showFog":false,"showMaterialUpdate":false,"showSkybox":false,"showFlares":false,"showImageEffects":false,"showParticleSystems":false},"in2DMode":false,"pivot":{"x":1.4911677837371827,"y":3.1035850048065187,"z":-25.71000099182129},"rotation":{"x":0.013772772625088692,"y":-0.21956728398799897,"z":0.007213548291474581,"w":0.9761005640029907},"size":3.1800074577331545,"orthographic":false}