{"cameraMode":{"drawMode":0,"name":"Shaded","section":"Shading Mode"},"sceneLighting":true,"audioPlay":false,"sceneViewState":{"showFog":false,"showMaterialUpdate":false,"showSkybox":false,"showFlares":false,"showImageEffects":false,"showParticleSystems":false},"in2DMode":false,"pivot":{"x":9.24219036102295,"y":4.697566986083984,"z":41.700477600097659},"rotation":{"x":-0.004341035149991512,"y":-0.9371363520622253,"z":0.00003327045851619914,"w":0.3506544232368469},"size":0.8660253882408142,"orthographic":false}