{"cameraMode":{"drawMode":0,"name":"Shaded","section":"Shading Mode"},"sceneLighting":true,"audioPlay":false,"sceneViewState":{"showFog":false,"showMaterialUpdate":false,"showSkybox":false,"showFlares":false,"showImageEffects":false,"showParticleSystems":false},"in2DMode":false,"pivot":{"x":-182.89981079101563,"y":12.881124496459961,"z":-35.71071243286133},"rotation":{"x":0.01921546645462513,"y":0.7408418655395508,"z":0.017006635665893556,"w":-0.6719798445701599},"size":93.87149047851563,"orthographic":false}