{"cameraMode":{"drawMode":0,"name":"Shaded","section":"Shading Mode"},"sceneLighting":false,"audioPlay":false,"sceneViewState":{"showFog":false,"showMaterialUpdate":false,"showSkybox":false,"showFlares":false,"showImageEffects":false,"showParticleSystems":false},"in2DMode":false,"pivot":{"x":0.877623438835144,"y":1.964529037475586,"z":-0.05939221382141113},"rotation":{"x":-0.053158629685640338,"y":-0.8481057286262512,"z":-0.08651455491781235,"w":0.5205075144767761},"size":0.6363961100578308,"orthographic":false}