{"cameraMode":{"drawMode":0,"name":"Shaded","section":"Shading Mode"},"sceneLighting":false,"audioPlay":false,"sceneViewState":{"showFog":false,"showMaterialUpdate":false,"showSkybox":false,"showFlares":false,"showImageEffects":false,"showParticleSystems":false},"in2DMode":false,"pivot":{"x":1.0669077634811402,"y":1.1052383184432984,"z":6.746241092681885},"rotation":{"x":0.15412773191928864,"y":-0.6367940306663513,"z":0.13158786296844483,"w":0.7443907260894775},"size":0.3464100658893585,"orthographic":false}