{"cameraMode":{"drawMode":0,"name":"Shaded","section":"Shading Mode"},"sceneLighting":true,"audioPlay":false,"sceneViewState":{"showFog":false,"showMaterialUpdate":false,"showSkybox":false,"showFlares":false,"showImageEffects":false,"showParticleSystems":false},"in2DMode":false,"pivot":{"x":-214.45445251464845,"y":-41.589900970458987,"z":-6.375635147094727},"rotation":{"x":-0.06943458318710327,"y":0.6991577744483948,"z":-0.07256538420915604,"w":-0.7086681127548218},"size":114.16975402832031,"orthographic":false}