{"cameraMode":{"drawMode":0,"name":"Shaded","section":"Shading Mode"},"sceneLighting":true,"audioPlay":false,"sceneViewState":{"showFog":false,"showMaterialUpdate":false,"showSkybox":false,"showFlares":false,"showImageEffects":false,"showParticleSystems":false},"in2DMode":false,"pivot":{"x":3.2275302410125734,"y":2.372206687927246,"z":18.29728126525879},"rotation":{"x":0.06319817900657654,"y":-0.7628728151321411,"z":0.08192978799343109,"w":0.6391765475273132},"size":3.1800074577331545,"orthographic":false}