{"cameraMode":{"drawMode":0,"name":"Shaded","section":"Shading Mode"},"sceneLighting":true,"audioPlay":false,"sceneViewState":{"showFog":false,"showMaterialUpdate":false,"showSkybox":false,"showFlares":false,"showImageEffects":false,"showParticleSystems":false},"in2DMode":false,"pivot":{"x":-166.79830932617188,"y":1.473475456237793,"z":18.558979034423829},"rotation":{"x":-0.0020019388757646085,"y":0.5905967950820923,"z":-0.004896101076155901,"w":-0.8075986504554749},"size":90.37710571289063,"orthographic":false}