{"cameraMode":{"drawMode":0,"name":"Shaded","section":"Shading Mode"},"sceneLighting":false,"audioPlay":false,"sceneViewState":{"showFog":false,"showMaterialUpdate":false,"showSkybox":false,"showFlares":false,"showImageEffects":false,"showParticleSystems":false},"in2DMode":false,"pivot":{"x":-0.4522700309753418,"y":1.2899999618530274,"z":9.15999984741211},"rotation":{"x":0.039716269820928577,"y":-0.8474553227424622,"z":0.06357012689113617,"w":0.5262103080749512},"size":0.3464100658893585,"orthographic":false}