{"cameraMode":{"drawMode":0,"name":"Shaded","section":"Shading Mode"},"sceneLighting":false,"audioPlay":false,"sceneViewState":{"showFog":false,"showMaterialUpdate":false,"showSkybox":false,"showFlares":false,"showImageEffects":false,"showParticleSystems":false},"in2DMode":false,"pivot":{"x":-1.8055167198181153,"y":0.3565710783004761,"z":2.232860565185547},"rotation":{"x":0.12529180943965913,"y":-0.31062594056129458,"z":0.041409485042095187,"w":0.9415915012359619},"size":2.011009931564331,"orthographic":false}