{"cameraMode":{"drawMode":0,"name":"Shaded","section":"Shading Mode"},"sceneLighting":false,"audioPlay":false,"sceneViewState":{"showFog":false,"showMaterialUpdate":false,"showSkybox":false,"showFlares":false,"showImageEffects":false,"showParticleSystems":false},"in2DMode":false,"pivot":{"x":2.4657604694366457,"y":2.5957117080688478,"z":-0.8694890141487122},"rotation":{"x":0.10760758817195893,"y":-0.4799369275569916,"z":0.05964340642094612,"w":0.8689366579055786},"size":0.2461652159690857,"orthographic":false}