{"cameraMode":{"drawMode":0,"name":"Shaded","section":"Shading Mode"},"sceneLighting":false,"audioPlay":false,"sceneViewState":{"showFog":false,"showMaterialUpdate":false,"showSkybox":false,"showFlares":false,"showImageEffects":false,"showParticleSystems":false},"in2DMode":false,"pivot":{"x":-0.45278865098953249,"y":-0.06353074312210083,"z":7.958768844604492},"rotation":{"x":0.14230360090732575,"y":-0.01900116540491581,"z":0.002694260561838746,"w":0.9896659851074219},"size":0.7330126166343689,"orthographic":false}