{"cameraMode":{"drawMode":0,"name":"Shaded","section":"Shading Mode"},"sceneLighting":false,"audioPlay":false,"sceneViewState":{"showFog":false,"showMaterialUpdate":false,"showSkybox":false,"showFlares":false,"showImageEffects":false,"showParticleSystems":false},"in2DMode":false,"pivot":{"x":1.092690348625183,"y":1.0957237482070923,"z":6.837827205657959},"rotation":{"x":0.16947180032730103,"y":-0.5783121585845947,"z":0.12401401996612549,"w":0.7887646555900574},"size":0.3464100658893585,"orthographic":false}